"ntvar","aavar","n"
"H9N2_PB1_A2054G","D685G",22
"H9N2_HA_G376A","A126T",10
"H9N2_HA_G380T","S127I",9
"H9N2_HA_A172C","M58L",8
"H9N2_HA_G592A","E198K",8
"H9N2_HA_T191A","L64Q",7
"H9N2_PB2_A889G","I297V",6
"H9N2_HA_C383T","S128F",5
"H9N2_PB2_A2149G","T717A",5
"H9N2_PB2_A2163C","K721N",5
"H9N2_PB2_A2208C","K736N",5
"H9N2_HA_G1291A","A431T",4
"H9N2_HA_G820A","G274R",4
"H9N2_PA_G1891A","G631S",4
"H9N2_PB1_G522A","M174I",4
"H9N2_PB2_A349C","T117P",4
"H9N2_HA_A589G","T197A",3
"H9N2_HA_A814G","S272G",3
"H9N2_HA_G1514A","R505K",3
"H9N2_HA_G1606A","V536M",3
"H9N2_NA_G326A","G109D",3
"H9N2_PA_G1147A","D383N",3
"H9N2_PB1_C757T","H253Y",3
"H9N2_PB1_G377A","R126H",3
"H9N2_PB1_T965C","I322T",3
"H9N2_HA_C73T","H25Y",2
"H9N2_HA_G272A","G91E",2
"H9N2_HA_G979A","V327I",2
"H9N2_HA_T138G","H46Q",2
"H9N2_NA_C92T","T31M",2
"H9N2_NA_G331T","D111Y",2
"H9N2_PA_G175A","E59K",2
"H9N2_PB1_A2029C","T677P",2
"H9N2_PB2_A268C","M90L",2
"H9N2_PB2_G457A","D153N",2
