"diet","ntvar","aavar","n"
"Obese","H9N2_NA_G452A","S151N",2
"Obese","H9N2_HA_A658G","T220A",2
"Obese","H9N2_PB2_A1351T","I451F",2
"Obese","H9N2_NA_G72A","M24I",2
"Obese","H9N2_NS_A719G","N240S",2
"Obese","H9N2_HA_C383A","S128Y",2
"Obese","H9N2_PB1_T905C","V302A",2
"Obese","H9N2_PB2_A482G","D161G",2
"Obese","H9N2_NP_T911C","F304S",2
"Lean","H9N2_HA_G808A","G270R",2
"Lean","H9N2_HA_C802T","L268F",2
"Obese","H9N2_PB2_C1928G","S643*",2
"Lean","H9N2_NS_G294A","M98I",2
"Lean","H9N2_PB1_G738A","M246I",2
"Lean","H9N2_PB1_T1604C","I535T",2
"Lean","H9N2_HA_C1118T","A373V",2
"Obese","H9N2_PA_C1873T","P625S",2
"Obese","H9N2_PA_C1782A","S594R",2
"Lean","H9N2_HA_A1531T","I511L",2
